Comment,Designator,Footprint,LCSC
"1u","C1,C2,C3,C4,C5,C6,C7,C11,C12,C13,C14","Capacitor_SMD:C_0201_0603Metric","C295898"
"10p","C8,C9,C10","Capacitor_SMD:C_0201_0603Metric","C161369"
"D","D1","Diode_SMD:D_SOD-123F","C426570"
"LED_BGAR","D2","LED_SMD:LED_Cree-PLCC4_2x2mm_CW","C2874116"
"USB_C_Receptacle_USB2.0","J1","Connector_USB:USB_C_Receptacle_HRO_TYPE-C-31-M-12","C2765186"
"HEADER","J2","Connector_PinHeader_2.54mm:PinHeader_2x08_P2.54mm_Vertical","C492425"
"XTAP","J3","Connector_PinHeader_2.54mm:PinHeader_1x08_P2.54mm_Vertical","C2894931"
"5.1k","R1,R2,R6,R7","Resistor_SMD:R_0201_0603Metric","C473460"
"22","R3,R4","Resistor_SMD:R_0201_0603Metric","C144010"
"ANT","R5","RF_Antenna:Texas_SWRA117D_2.4GHz_Left",""
"100","R8,R9,R10","Resistor_SMD:R_0201_0603Metric","C77623"
"HX6306P332MR","U1,U2,U3,U4,U6,U7","Package_TO_SOT_SMD:SOT-23","C296211"
"ESP32-S2","U5","localparts:ESP32S2","C2840995"
"40MHz","Y1","Crystal:Crystal_SMD_2016-4Pin_2.0x1.6mm","C648970"